Profile Link,Score,Rank
https://github.com/mdo,896402520,Leader
https://github.com/yyx990803,334319144,Leader
https://github.com/cvrebert,243908016,Top 10
https://github.com/photonstorm,231436191,Leader
https://github.com/tj,158933674,Leader
https://github.com/XhmikosR,151969296,Top 10
https://github.com/benjamn,144275010,Leader
https://github.com/glasser,140727940,Top 10
https://github.com/fat,111543300,Top 10
https://github.com/adamdbradley,81164447,Leader
https://github.com/dgreensp,76097025,Top 10
https://github.com/brandyscarney,73369868,Top 10
https://github.com/Slava,60506415,Top 10
https://github.com/manucorporat,57199025,Top 10
https://github.com/petebacondarwin,54828205,Leader
https://github.com/Dogfalo,49346240,Leader
https://github.com/tommy351,48981624,Leader
https://github.com/stubailo,48586610,Top 10
https://github.com/vsavkin,47842760,Top 10
https://github.com/gkalpak,47289955,Top 10
https://github.com/Johann-S,46510176,Top 10
https://github.com/vicb,46033580,Top 10
https://github.com/dougwilson,43665078,Top 10
https://github.com/acburst,43540800,Top 10
https://github.com/IgorMinar,42867515,Top 10
https://github.com/avital,41698695,Top 10
https://github.com/tbosch,39600940,Top 10
https://github.com/ac360,39302283,Leader
https://github.com/pmuens,37477197,Top 10
https://github.com/n1mmy,36666805,Top 10
https://github.com/patrickhlauke,29068860,Top 10
https://github.com/mhevery,28544840,Top 10
https://github.com/alexeagle,27791015,Top 10
https://github.com/eahefnawy,27753894,Top 10
https://github.com/MartijnCuppens,26635188,Top 10
https://github.com/gschmidt,24705755,Top 10
https://github.com/alxhub,23770615,Top 10
https://github.com/ekatek,22272300,Top 10
https://github.com/abernix,22066075,Top 10
https://github.com/pkozlowski-opensource,21710160,Top 10
https://github.com/mlynch,21522345,Top 10
https://github.com/kara,21408630,None
https://github.com/hnrch02,21227028,Top 10
https://github.com/matsko,20202510,None
https://github.com/danbucholtz,18924152,Top 10
https://github.com/tlancina,17179097,Top 10
https://github.com/chuckjaz,16885680,None
https://github.com/marclaval,15579050,None
https://github.com/medikoo,15324429,Top 10
https://github.com/martijnwalraven,13899565,None
https://github.com/justinsb,13858320,None
https://github.com/mhartington,13417534,Top 10
https://github.com/twbs-grunt,12844380,Top 10
https://github.com/drewrygh,12448059,Top 10
https://github.com/ysds,12438768,Top 10
https://github.com/devversion,11608905,None
https://github.com/juthilo,11221932,None
https://github.com/pavle-goloskokovic,10266852,Top 10
https://github.com/jasonaden,9598705,None
https://github.com/ocombe,9548450,None
https://github.com/bardiharborow,9464280,None
https://github.com/arbesfeld,8702695,None
https://github.com/tmeasday,8661450,None
https://github.com/vsn4ik,8517852,None
https://github.com/kkirsche,8517852,None
https://github.com/DavidWells,8370222,Top 10
https://github.com/Quy,7977036,None
https://github.com/gregmagolan,7890035,None
https://github.com/dschep,7866750,Top 10
https://github.com/btford,7638760,None
https://github.com/brandonroberts,7588505,None
https://github.com/wardbell,7487995,None
https://github.com/yjbanov,7286975,None
https://github.com/andresgalante,7165812,None
https://github.com/Hanks10100,6863081,Top 10
https://github.com/AndrewKushnir,6834680,None
https://github.com/hwillson,6681690,None
https://github.com/pat270,6624996,None
https://github.com/alan-agius4,6313529,None
https://github.com/nikgraf,6136065,Top 10
https://github.com/rkirov,6080855,None
https://github.com/pvdlg,5948976,None
https://github.com/jeffbcross,5930090,None
https://github.com/crisbeto,5879835,None
https://github.com/mprobst,5678815,None
https://github.com/benlesh,5628560,None
https://github.com/jbogarthyde,5578305,None
https://github.com/sjtrimble,5427540,None
https://github.com/defcc,5402851,Top 10
https://github.com/awwx,5361850,None
https://github.com/camwiegert,5312723,Top 10
https://github.com/vue-bot,5256828,Top 10
https://github.com/StevenBlack,5137752,None
https://github.com/kyliau,5126010,None
https://github.com/bitnenfer,4904709,Top 10
https://github.com/coliff,4867344,None
https://github.com/kazupon,4672736,Top 10
https://github.com/filipesilva,4623460,None
https://github.com/burnsra,4596936,None
https://github.com/horike37,4405380,Top 10
https://github.com/jthoms1,4382027,Top 10
https://github.com/liamdebeasi,4304469,None
https://github.com/Foxandxss,4271675,None
https://github.com/perrygovier,4265690,None
https://github.com/kapunahelewong,4120910,None
https://github.com/posva,4088644,Top 10
https://github.com/JoostK,4070655,None
https://github.com/kensodemann,3994237,None
https://github.com/juliemr,3970145,None
https://github.com/gijsbotje,3920916,None
https://github.com/bassjobsen,3920916,None
https://github.com/vikerman,3869635,None
https://github.com/mikewesthad,3811950,Top 10
https://github.com/mitar,3794540,None
https://github.com/robwormald,3769125,None
https://github.com/ajoslin,3761563,None
https://github.com/minibikini,3681639,Top 10
https://github.com/PatrickJS,3668615,None
https://github.com/HerringtonDarkholme,3650575,Top 10
https://github.com/smerik,3515304,None
https://github.com/ktsn,3504552,Top 10
https://github.com/erikerikson,3461370,Top 10
https://github.com/HyperBrain,3461370,None
https://github.com/supergibbs,3380100,None
https://github.com/BBosman,3380100,None
https://github.com/jgw96,3373773,None
https://github.com/javoski,3358529,Top 10
https://github.com/RafalWilinski,3304035,None
https://github.com/liuyl,3244896,None
https://github.com/glebm,3244896,None
https://github.com/flomotlik,3146700,None
https://github.com/zalog,3109692,None
https://github.com/debergalis,3010885,None
https://github.com/Nopik,2989365,None
https://github.com/jonathanong,2929030,Top 10
https://github.com/jelbourn,2914790,None
https://github.com/cexbrayat,2864535,None
https://github.com/thomas-mcdonald,2839284,None
https://github.com/Yohn,2839284,None
https://github.com/jamesmillerburgess,2680925,None
https://github.com/pnstickne,2515887,Top 10
https://github.com/exoego,2485893,None
https://github.com/sebakerckhof,2474700,None
https://github.com/clark-stevenson,2439648,Top 10
https://github.com/tagliala,2433672,None
https://github.com/m5o,2433672,None
https://github.com/Starsam80,2433672,None
https://github.com/Herst,2433672,None
https://github.com/defunctzombie,2433348,Top 10
https://github.com/laosb,2392210,None
https://github.com/samme,2388822,Top 10
https://github.com/segayuu,2377212,Top 10
https://github.com/ssorallen,2298468,None
https://github.com/ntwb,2298468,None
https://github.com/trotyl,2211220,None
https://github.com/aheckmann,2208038,Top 10
https://github.com/jkzing,2190345,Top 10
https://github.com/gebilaoxiong,2190345,None
https://github.com/Kingwl,2190345,None
https://github.com/hexus,2185518,Top 10
https://github.com/tlindig,2163264,None
https://github.com/lookfirst,2163264,None
https://github.com/kevmoo,2160965,None
https://github.com/naomiblack,2110710,None
https://github.com/JiaLiPassion,2110710,None
https://github.com/ryansb,2108289,None
https://github.com/anubhav94,2103495,None
https://github.com/jteplitz,2060455,None
https://github.com/Jinjiang,2044322,None
https://github.com/acmetech,2028060,None
https://github.com/danielsogl,1978926,None
https://github.com/laardee,1950954,None
https://github.com/dwieeb,1900171,None
https://github.com/lipis,1892856,None
https://github.com/caitp,1859435,None
https://github.com/GeoffreyBooth,1856025,None
https://github.com/billfine,1825086,None
https://github.com/tomscholz,1814200,Top 10
https://github.com/alexdebrie,1793619,None
https://github.com/timhaines,1773535,None
https://github.com/saas786,1757652,None
https://github.com/andriijas,1757652,None
https://github.com/pjbaron,1728084,Top 10
https://github.com/hansl,1658415,None
https://github.com/davidjb,1622448,None
https://github.com/boulox,1622448,None
https://github.com/klaussner,1608555,None
https://github.com/jenniferfell,1608160,None
https://github.com/chembu,1608160,None
https://github.com/phanan,1606253,None
https://github.com/clarkdo,1606253,None
https://github.com/chrisvfritz,1606253,None
https://github.com/blake-newman,1606253,None
https://github.com/S-YOU,1606253,None
https://github.com/zimme,1526065,None
https://github.com/possibilities,1526065,None
https://github.com/vanillajonathan,1487244,None
https://github.com/mrmrs,1487244,None
https://github.com/Varunram,1487244,None
https://github.com/mquandalle,1484820,None
https://github.com/jbavari,1473602,None
https://github.com/Justineo,1460230,None
https://github.com/wKoza,1457395,None
https://github.com/tinayuangao,1457395,None
https://github.com/andrewseguin,1407140,None
https://github.com/dandv,1392408,None
https://github.com/DanielRuf,1368624,Top 10
https://github.com/JLHwung,1354458,Top 10
https://github.com/wilfra,1352040,None
https://github.com/Lausselloic,1352040,None
https://github.com/zol,1278595,None
https://github.com/mgechev,1256375,None
https://github.com/StephenFluin,1256375,None
https://github.com/zodern,1237350,None
https://github.com/vladgolubev,1227213,None
https://github.com/caniszczyk,1216836,None
https://github.com/jakemac53,1206120,None
https://github.com/alfaproject,1206120,None
https://github.com/AmitMY,1202149,None
https://github.com/blakeembrey,1171720,Top 10
https://github.com/sodatea,1168184,None
https://github.com/kaorun343,1168184,None
https://github.com/HcySunYang,1168184,None
https://github.com/radekmie,1154860,None
https://github.com/NoahDragon,1133322,Top 10
https://github.com/neilhem,1081632,None
https://github.com/jsdf,1081632,None
https://github.com/jodytate,1081632,None
https://github.com/jacobrask,1081632,None
https://github.com/iamandrewluca,1081632,None
https://github.com/chiraggmodi,1081632,None
https://github.com/alekitto,1081632,None
https://github.com/TechDavid,1081632,None
https://github.com/Synchro,1081632,None
https://github.com/nathan-muir,1072370,None
https://github.com/vojtajina,1055355,None
https://github.com/svdgraaf,1038411,None
https://github.com/KaelWD,1022161,None
https://github.com/ttowncompiled,1005100,None
https://github.com/Toxicable,1005100,None
https://github.com/johncmckim,975477,None
https://github.com/dougmoscrop,975477,None
https://github.com/alexindeed,975477,None
https://github.com/paulstelzer,969475,None
https://github.com/wangsai,946428,None
https://github.com/vickash,946428,None
https://github.com/smaboshe,946428,None
https://github.com/purwandi,946428,None
https://github.com/ghusse,946428,None
https://github.com/cgunther,946428,None
https://github.com/buraktuyan,946428,None
https://github.com/slaskis,946302,Top 10
https://github.com/dr-dimitru,907390,None
https://github.com/kwalrath,854335,None
https://github.com/josephperrott,854335,None
https://github.com/ayazhafiz,854335,None
https://github.com/PascalPrecht,854335,None
https://github.com/nicka,849609,None
https://github.com/alexcasalboni,849609,None
https://github.com/orblazer,813216,None
https://github.com/vulvulune,813216,None
https://github.com/wrightlabs,811224,None
https://github.com/thomaswelton,811224,None
https://github.com/thekondrashov,811224,None
https://github.com/jamiebuilds,811224,None
https://github.com/haydenbleasel,811224,None
https://github.com/eratzlaff,811224,None
https://github.com/dudebout,811224,None
https://github.com/davethegr8,811224,None
https://github.com/aristath,811224,None
https://github.com/aavmurphy,811224,None
https://github.com/html5cat,783655,None
https://github.com/brianneisler,755208,None
https://github.com/copleykj,742410,None
https://github.com/georgiee,736977,None
https://github.com/ramonornela,736801,None
https://github.com/abennouna,736801,None
https://github.com/dsonet,730115,None
https://github.com/slang25,723741,None
https://github.com/shanehandley,723741,None
https://github.com/jthomas,723741,None
https://github.com/jonsharratt,723741,None
https://github.com/ciaranj,720992,Top 10
https://github.com/TedSander,703570,None
https://github.com/CaerusKaru,703570,None
https://github.com/hassankhan,692274,None
https://github.com/geofflancaster,692274,None
https://github.com/franciscocpg,692274,None
https://github.com/rexrainbow,686151,None
https://github.com/trumbitta,676020,None
https://github.com/tierra,676020,None
https://github.com/prateekgoel,676020,None
https://github.com/petetnt,676020,None
https://github.com/peterblazejewicz,676020,None
https://github.com/nicole,676020,None
https://github.com/martinbean,676020,None
https://github.com/lucascono,676020,None
https://github.com/ggam,676020,None
https://github.com/frabrunelle,676020,None
https://github.com/florianlacreuse,676020,None
https://github.com/budnik,676020,None
https://github.com/bradly,676020,None
https://github.com/bastienmoulia,676020,None
https://github.com/ansman,676020,None
https://github.com/akalicki,676020,None
https://github.com/SSPMark,676020,None
https://github.com/Fabadiculous,660738,None
https://github.com/lacolaco,653315,None
https://github.com/bowenni,653315,None
https://github.com/pixelpicosean,635325,None
https://github.com/joostfarla,629340,None
https://github.com/matheusrocha89,620464,None
https://github.com/ajmark,616828,Top 10
https://github.com/chalin,603060,None
https://github.com/alfonso-presa,603060,None
https://github.com/znck,584092,None
https://github.com/ulivz,584092,None
https://github.com/shasharoman,584092,None
https://github.com/nickmessing,584092,None
https://github.com/imyzf,584092,None
https://github.com/fnlctrl,584092,None
https://github.com/toinevk,577430,None
https://github.com/skirunman,577430,None
https://github.com/RobertLowe,577430,None
https://github.com/Primigenus,577430,None
https://github.com/Fabs,577430,None
https://github.com/toshi0607,566406,None
https://github.com/kbariotis,566406,None
https://github.com/naokiy,552840,Top 10
https://github.com/goderbauer,552805,None
https://github.com/FrederikSchlemmer,552805,None
https://github.com/klouie93,544260,Top 10
https://github.com/aphex,542906,None
https://github.com/Manduro,542906,None
https://github.com/3dd13,542906,None
https://github.com/wojtask9,540816,None
https://github.com/tmorehouse,540816,None
https://github.com/maxiloc,540816,None
https://github.com/jackmu95,540816,None
https://github.com/helmutgranda,540816,None
https://github.com/ryanmurakami,534939,None
https://github.com/NomadBlacky,534939,None
https://github.com/alvinsight,533673,None
https://github.com/qdrj,533673,None
https://github.com/felixbuenemann,528193,None
https://github.com/rowanu,503472,None
https://github.com/santoshyadav198613,502550,None
https://github.com/manekinekko,502550,None
https://github.com/joostme,502550,None
https://github.com/hankduan,502550,None
https://github.com/SekibOmazic,502550,None
https://github.com/wojtkowiak,494940,None
https://github.com/mutdmour,494940,None
https://github.com/gchpaco,494940,None
https://github.com/StorytellerCZ,494940,None
https://github.com/englercj,482847,None
https://github.com/tbarlow12,472005,None
https://github.com/lorengordon,472005,None
https://github.com/rblopes,457434,None
https://github.com/ada-lovecraft,457434,None
https://github.com/mpowaga,453695,None
https://github.com/dburles,453695,None
https://github.com/obenbrahim,452295,None
https://github.com/hterkelsen,452295,None
https://github.com/thomcrowe,440538,None
https://github.com/skierkowski,440538,None
https://github.com/pdaryani,440538,None
https://github.com/dekz,440538,None
https://github.com/andymac4182,440538,None
https://github.com/sqal,438069,None
https://github.com/privatenumber,438069,None
https://github.com/pkaminski,438069,None
https://github.com/mingmingwon,438069,None
https://github.com/lzxb,438069,None
https://github.com/liximomo,438069,None
https://github.com/bluemsn,438069,None
https://github.com/KingMario,438069,None
https://github.com/TadejZupancic,432021,None
https://github.com/michaeltintiuc,426569,None
https://github.com/YoshinoriN,414630,Top 10
https://github.com/zealoushacker,412450,None
https://github.com/trusktr,412450,None
https://github.com/sarunint,402040,None
https://github.com/laskoviymishka,402040,None
https://github.com/juleskremer,402040,None
https://github.com/chirayuk,402040,None
https://github.com/asnowwolf,402040,None
https://github.com/Splaktar,402040,None
https://github.com/sijav,387790,None
https://github.com/rtpHarry,387790,None
https://github.com/jcyuan,381195,None
https://github.com/jorbascrumps,381195,None
https://github.com/cocoademon,381195,None
https://github.com/beeglebug,381195,None
https://github.com/wedgybo,377604,None
https://github.com/stevecaldwell77,377604,None
https://github.com/sime,377604,None
https://github.com/medhoover,377604,None
https://github.com/veered,371205,None
https://github.com/jbaxleyiii,371205,None
https://github.com/edemaine,371205,None
https://github.com/c9s,371205,None
https://github.com/aldeed,371205,None
https://github.com/afifsohaili,362840,Top 10
https://github.com/notrab,360496,Top 10
https://github.com/Antriel,355782,None
https://github.com/ericmdantas,351785,None
https://github.com/dherges,351785,None
https://github.com/cironunes,351785,None
https://github.com/briandennis,349011,None
https://github.com/bensperry,349011,None
https://github.com/Ionitron,349011,None
https://github.com/vkkis93,346137,None
https://github.com/mikepugh,346137,None
https://github.com/darkowlzz,346137,None
https://github.com/leesei,331704,Top 10
https://github.com/Twilrom,330369,None
https://github.com/CaptainN,329960,None
https://github.com/chukitow,326556,Top 10
https://github.com/xdamman,319688,None
https://github.com/mthenw,314670,None
https://github.com/hibooboo2,314670,None
https://github.com/daviskoh,314670,None
https://github.com/danielcondemarin,314670,None
https://github.com/bytekast,314670,None
https://github.com/nhowell,304956,None
https://github.com/woutercommandeur,304956,None
https://github.com/videlais,304956,None
https://github.com/zetsnotdead,301530,None
https://github.com/swseverance,301530,None
https://github.com/martinsik,301530,None
https://github.com/heathkit,301530,None
https://github.com/gjungb,301530,None
https://github.com/georgewilde,301530,None
https://github.com/dariobraun,301530,None
https://github.com/ahasall,301530,None
https://github.com/adeora,301530,None
https://github.com/zephraph,292046,None
https://github.com/yantene,292046,None
https://github.com/william-pan,292046,None
https://github.com/tejitak,292046,None
https://github.com/superwf,292046,None
https://github.com/pi0,292046,None
https://github.com/neelance,292046,None
https://github.com/maciej-ka,292046,None
https://github.com/lyhper,292046,None
https://github.com/jingsam,292046,None
https://github.com/hikerpig,292046,None
https://github.com/gzzhanghao,292046,None
https://github.com/g-plane,292046,None
https://github.com/fenduru,292046,None
https://github.com/eddyerburgh,292046,None
https://github.com/dejour,292046,None
https://github.com/chriscasola,292046,None
https://github.com/bartlomieju,292046,None
https://github.com/asheb,292046,None
https://github.com/Shyam-Chen,292046,None
https://github.com/QingWei-Li,292046,None
https://github.com/JounQin,292046,None
https://github.com/Itisfilipe,292046,None
https://github.com/HusamIbrahim,292046,None
https://github.com/Gcaufy,292046,None
https://github.com/DaKoala,292046,None
https://github.com/Atinux,292046,None
https://github.com/Alex-Sokolov,292046,None
https://github.com/mizzao,288715,None
https://github.com/meonkeys,288715,None
https://github.com/mariapacana,288715,None
https://github.com/fivethirty,288715,None
https://github.com/softprops,283203,None
https://github.com/rwtombaugh,283203,None
https://github.com/raeesbhatti,283203,None
https://github.com/gwsii,283203,None
https://github.com/GuruRAM,283203,None
https://github.com/stoneman1,279543,None
https://github.com/curbengh,276420,Top 10
https://github.com/ihadeed,271453,None
https://github.com/riadhchtara,270372,Top 10
https://github.com/rauchg,270372,None
https://github.com/gmethvin,270372,None
https://github.com/Upperfoot,254130,None
https://github.com/snowbillr,254130,None
https://github.com/jcd-as,254130,None
https://github.com/TyrionGraphiste,253988,Top 10
https://github.com/paulSambolin,251736,None
https://github.com/jordanmack,251736,None
https://github.com/guyklainer,251736,None
https://github.com/endeepak,251736,None
https://github.com/emaildano,251736,None
https://github.com/bsdkurt,251736,None
https://github.com/braahyan,251736,None
https://github.com/0xflotus,251736,None
https://github.com/pravdomil,251287,None
https://github.com/sdarnell,247470,None
https://github.com/sakulstra,247470,None
https://github.com/robertpitt,247470,None
https://github.com/raix,247470,None
https://github.com/queso,247470,None
https://github.com/jonathanKingston,247470,None
https://github.com/clarete,247470,None
https://github.com/choyweston,247470,None
https://github.com/brettle,247470,None
https://github.com/TomFreudenberg,247470,None
https://github.com/DenisGorbachev,247470,None
https://github.com/iignatov,232674,None
https://github.com/chrisgriffith,232674,None
https://github.com/amuramoto,232674,None
https://github.com/Phaiax,228717,None
https://github.com/tarsupin,228717,None
https://github.com/nkholski,228717,None
https://github.com/lucbloom,228717,None
https://github.com/lewster32,228717,None
https://github.com/swrh,225310,None
https://github.com/hiowenluke,225310,None
https://github.com/chenall,221136,Top 10
https://github.com/worldsoup,220269,None
https://github.com/tobyhede,220269,None
https://github.com/shortjared,220269,None
https://github.com/rdugue,220269,None
https://github.com/pjimmy,220269,None
https://github.com/kobim,220269,None
https://github.com/jogold,220269,None
https://github.com/fruffin,220269,None
https://github.com/erndob,220269,None
https://github.com/davisonr,220269,None
https://github.com/boushley,220269,None
https://github.com/Imran99,220269,None
https://github.com/huww98,217704,None
https://github.com/robinbortlik,217704,None
https://github.com/theadactyl,206225,None
https://github.com/stevenhao,206225,None
https://github.com/sedouard,206225,None
https://github.com/robfallows,206225,None
https://github.com/rgoomar,206225,None
https://github.com/realyze,206225,None
https://github.com/pradel,206225,None
https://github.com/mbrobbel,206225,None
https://github.com/marcandre,206225,None
https://github.com/lucfranken,206225,None
https://github.com/emgee3,206225,None
https://github.com/dotansimha,206225,None
https://github.com/brucejo75,206225,None
https://github.com/M4v3R,206225,None
https://github.com/Ed-von-Schleck,206225,None
https://github.com/fmflame,203304,None
https://github.com/wtravO,203304,None
https://github.com/pwespi,193895,None
https://github.com/mburger81,193895,None
https://github.com/masimplo,193895,None
https://github.com/ghybs,193895,None
https://github.com/elylucas,193895,None
https://github.com/bul-ikana,193895,None
https://github.com/adamlacombe,193895,None
https://github.com/MarkChrisLevy,193895,None
https://github.com/KillerCodeMonkey,193895,None
https://github.com/WolfgangKluge,193494,Top 10
https://github.com/zorrofox,188802,None
https://github.com/walery,188802,None
https://github.com/sebito91,188802,None
https://github.com/lostintangent,188802,None
https://github.com/lamroger,188802,None
https://github.com/kennu,188802,None
https://github.com/jspies,188802,None
https://github.com/jkburges,188802,None
https://github.com/icereval,188802,None
https://github.com/glennblock,188802,None
https://github.com/gcphost,188802,None
https://github.com/davidgovea,188802,None
https://github.com/kevgathuku,181420,None
https://github.com/soniabrami,181420,None
https://github.com/ramunasm,181420,None
https://github.com/bivainis,181420,None
https://github.com/aularon,181420,None
https://github.com/sorribas,180248,None
https://github.com/kapouer,180248,None
https://github.com/chainhelen,180248,None
https://github.com/thomastanck,177891,None
https://github.com/staff0rd,177891,None
https://github.com/rgk,177891,None
https://github.com/nickryall,177891,None
https://github.com/monagames,177891,None
https://github.com/kroppli,177891,None
https://github.com/khaleb85,177891,None
https://github.com/benabbottnz,177891,None
https://github.com/TheJare,177891,None
https://github.com/Garbanas,177891,None
https://github.com/liuhongjiang,165852,None
https://github.com/heroicyang,165852,None
https://github.com/anotherausch,165852,None
https://github.com/vlasky,164980,None
https://github.com/ryneeverett,164980,None
https://github.com/rdickert,164980,None
https://github.com/netanelgilad,164980,None
https://github.com/mhidou,164980,None
https://github.com/jperl,164980,None
https://github.com/janowsiany,164980,None
https://github.com/gsuess,164980,None
https://github.com/eskan,164980,None
https://github.com/ecwyne,164980,None
https://github.com/dhrubins,164980,None
https://github.com/carlosbaraza,164980,None
https://github.com/MasterAM,164980,None
https://github.com/pchynoweth,157335,None
https://github.com/mydiemho,157335,None
https://github.com/daaru00,157335,None
https://github.com/zakton5,155116,None
https://github.com/patrickmcd,155116,None
https://github.com/ciekawy,155116,None
https://github.com/CodeAndWeb,152478,None
https://github.com/psalaets,152478,None
https://github.com/ooflorent,152478,None
https://github.com/mkristo,152478,None
https://github.com/milkey-mouse,152478,None
https://github.com/j0hnskot,152478,None
https://github.com/hilts-vaughan,152478,None
https://github.com/florianvazelle,152478,None
https://github.com/alexrford,152478,None
https://github.com/LoneStranger,152478,None
https://github.com/Dumtard,152478,None
https://github.com/zrh122,146023,None
https://github.com/youngrok,146023,None
https://github.com/shortdiv,146023,None
https://github.com/sairoutine,146023,None
https://github.com/pikax,146023,None
https://github.com/nothingismagick,146023,None
https://github.com/nciont,146023,None
https://github.com/mymyoux,146023,None
https://github.com/multics,146023,None
https://github.com/msidolphin,146023,None
https://github.com/mcmillenb,146023,None
https://github.com/mathieutu,146023,None
https://github.com/mathe42,146023,None
https://github.com/maoberlehner,146023,None
https://github.com/lessfish,146023,None
https://github.com/lbogdan,146023,None
https://github.com/jagannathBhat,146023,None
https://github.com/hyandell,146023,None
https://github.com/git-nkliyc,146023,None
https://github.com/flyyang,146023,None
https://github.com/elevatebart,146023,None
https://github.com/decadef20,146023,None
https://github.com/bughit,146023,None
https://github.com/ahus1,146023,None
https://github.com/adrienbaron,146023,None
https://github.com/VitorLuizC,146023,None
https://github.com/NataliaTepluhina,146023,None
https://github.com/Magiccwl,146023,None
https://github.com/Luxiaosong,146023,None
https://github.com/JakeConnors376W,146023,None
https://github.com/DominusVilicus,146023,None
https://github.com/Ecksters,145136,None
https://github.com/splendido,145136,None
https://github.com/radiolegacy,145136,None
https://github.com/philipraets,145136,None
https://github.com/coltonfitzgerald,145136,None
https://github.com/alexisdiel,145136,None
https://github.com/Y0lk,145136,None
https://github.com/SmileyChris,145136,None
https://github.com/magicianShiro,138210,None
https://github.com/akfish,138210,None
https://github.com/Xuanwo,138210,None
https://github.com/sakateka,135186,None
https://github.com/oliversalzburg,135186,None
https://github.com/nullfirm,135186,None
https://github.com/nick,135186,None
https://github.com/davglass,135186,None
https://github.com/crandmck,135186,None
https://github.com/Fishrock123,135186,None
https://github.com/Bilge,127065,None
https://github.com/spayton,127065,None
https://github.com/samid737,127065,None
https://github.com/noidexe,127065,None
https://github.com/jeppester,127065,None
https://github.com/halgorithm,127065,None
https://github.com/gltovar,127065,None
https://github.com/ampled,127065,None
https://github.com/OmarShehata,127065,None
https://github.com/Edwin222,127065,None
https://github.com/lauw70,125868,None
https://github.com/zwacky,116337,None
https://github.com/topalavlad,116337,None
https://github.com/tlaverdure,116337,None
https://github.com/stalniy,116337,None
https://github.com/soumak77,116337,None
https://github.com/simonhaenisch,116337,None
https://github.com/seiyria,116337,None
https://github.com/roblouie,116337,None
https://github.com/rdlabo,116337,None
https://github.com/rapropos,116337,None
https://github.com/perdjurner,116337,None
https://github.com/musahaidari,116337,None
https://github.com/mattbryan9,116337,None
https://github.com/kevinports,116337,None
https://github.com/kelvindart,116337,None
https://github.com/jlucfarias,116337,None
https://github.com/hadrien-toma,116337,None
https://github.com/flivni,116337,None
https://github.com/eddhannay,116337,None
https://github.com/daem0ndev,116337,None
https://github.com/amymarsh4work,116337,None
https://github.com/AndreasGassmann,116337,None
https://github.com/sergiolepore,110568,None
https://github.com/RandallKent,110568,None
https://github.com/MaximBalaganskiy,108852,None
https://github.com/wongalvis,108852,None
https://github.com/sajadtorkamani,108852,None
https://github.com/obouchari,108852,None
https://github.com/neydroid,108852,None
https://github.com/msolters,108852,None
https://github.com/martinglover,108852,None
https://github.com/lustyrain,108852,None
https://github.com/kaymmm,108852,None
https://github.com/jonathanpath,108852,None
https://github.com/franktopel,108852,None
https://github.com/fakenickels,108852,None
https://github.com/developeranirudhprabhu,108852,None
https://github.com/deiwin,108852,None
https://github.com/ciencia,108852,None
https://github.com/carusogabriel,108852,None
https://github.com/DottieDot,101652,None
https://github.com/zacharysarette,101652,None
https://github.com/ysraelJMM,101652,None
https://github.com/yahiko00,101652,None
https://github.com/tfelix,101652,None
https://github.com/stuff,101652,None
https://github.com/rook2pawn,101652,None
https://github.com/migiyubi,101652,None
https://github.com/jmcriat,101652,None
https://github.com/jestarray,101652,None
https://github.com/inductible-dev,101652,None
https://github.com/drhayes,101652,None
https://github.com/bobonthenet,101652,None
https://github.com/TimCabbage,101652,None
https://github.com/PhaserEditor2D,101652,None
https://github.com/NQNStudios,101652,None
https://github.com/Mourtz,101652,None
https://github.com/yamatt,90124,None
https://github.com/wesleytodd,90124,None
https://github.com/weaver,90124,None
https://github.com/tritonrc,90124,None
https://github.com/shime,90124,None
https://github.com/seanjsong,90124,None
https://github.com/saintedlama,90124,None
https://github.com/roark31337,90124,None
https://github.com/relvao,90124,None
https://github.com/redsquirrel,90124,None
https://github.com/matheusazzi,90124,None
https://github.com/lemmy-,90124,None
https://github.com/kavu,90124,None
https://github.com/jonjenkins,90124,None
https://github.com/jakeg,90124,None
https://github.com/isaacs,90124,None
https://github.com/hacksparrow,90124,None
https://github.com/ericf,90124,None
https://github.com/eivindfjeldstad,90124,None
https://github.com/dshaw,90124,None
https://github.com/dpatti,90124,None
https://github.com/damphat,90124,None
https://github.com/benatkin,90124,None
https://github.com/bdotdub,90124,None
https://github.com/bartsqueezy,90124,None
https://github.com/angelsanz,90124,None
https://github.com/agchou,90124,None
https://github.com/Zoramite,90124,None
https://github.com/LinusU,90124,None
https://github.com/Hanul,90124,None
https://github.com/zbicin,82926,None
https://github.com/wyattjoh,82926,None
https://github.com/winterTTr,82926,None
https://github.com/tomap,82926,None
https://github.com/timnew,82926,None
https://github.com/think-in-universe,82926,None
https://github.com/rhykw,82926,None
https://github.com/hulufei,82926,None
https://github.com/gemedet,82926,None
https://github.com/floriancargoet,82926,None
https://github.com/ertrzyiks,82926,None
https://github.com/dependabot-bot,82926,None
https://github.com/changyuheng,82926,None
https://github.com/celsomiranda,82926,None
https://github.com/bobd91,82926,None
https://github.com/XGHeaven,82926,None
https://github.com/OpenGG,82926,None
https://github.com/Casear,82926,None
https://github.com/flxwu,81346,None
https://github.com/tobika,77558,None
https://github.com/tntwist,77558,None
https://github.com/sethlilly,77558,None
https://github.com/sean-perkins,77558,None
https://github.com/romulocintra,77558,None
https://github.com/pikotea,77558,None
https://github.com/peterpeterparker,77558,None
https://github.com/olivier-po,77558,None
https://github.com/ncapito,77558,None
https://github.com/moduscreate,77558,None
https://github.com/juanmiguelbesada,77558,None
https://github.com/jsayol,77558,None
https://github.com/joewoodhouse,77558,None
https://github.com/jamesgroat,77558,None
https://github.com/jadsalhani,77558,None
https://github.com/imgx64,77558,None
https://github.com/hotforfeature,77558,None
https://github.com/dylanvdmerwe,77558,None
https://github.com/dominikstrasser,77558,None
https://github.com/dennybiasiolli,77558,None
https://github.com/carstenbaumhoegger,77558,None
https://github.com/btroncone,77558,None
https://github.com/anagstef,77558,None
https://github.com/adrm,77558,None
https://github.com/ZiFFeL1992,77558,None
https://github.com/TomDemulierChevret,77558,None
https://github.com/Purus,77558,None
https://github.com/HassanCehef,77558,None
https://github.com/Artfloriani,77558,None
https://github.com/Cirras,76239,None
https://github.com/tjb295,76239,None
https://github.com/sebashwa,76239,None
https://github.com/pixelscripter,76239,None
https://github.com/kyranet,76239,None
https://github.com/diteix,76239,None
https://github.com/dhruvyad,76239,None
https://github.com/bigbozo,76239,None
https://github.com/KingCosmic,76239,None
https://github.com/Boelensman1,72568,None
https://github.com/zegerhoogeboom,72568,None
https://github.com/xncbf,72568,None
https://github.com/webbiesdk,72568,None
https://github.com/vsodre,72568,None
https://github.com/trajano,72568,None
https://github.com/stonedleaf,72568,None
https://github.com/snow01,72568,None
https://github.com/shawntoffel,72568,None
https://github.com/s7dhansh,72568,None
https://github.com/rtablada,72568,None
https://github.com/redbmk,72568,None
https://github.com/profnandaa,72568,None
https://github.com/pborreli,72568,None
https://github.com/owencm,72568,None
https://github.com/mccraveiro,72568,None
https://github.com/kylebakerio,72568,None
https://github.com/konradjurk,72568,None
https://github.com/kmmbvnr,72568,None
https://github.com/kkosuge,72568,None
https://github.com/jmiedel,72568,None
https://github.com/jjkeith,72568,None
https://github.com/iktakahiro,72568,None
https://github.com/hugojosefson,72568,None
https://github.com/hudadiaz,72568,None
https://github.com/hotzenklotz,72568,None
https://github.com/eelsjack,72568,None
https://github.com/derekrliang,72568,None
https://github.com/charpeni,72568,None
https://github.com/cardern,72568,None
https://github.com/benelliott,72568,None
https://github.com/austinaryain,72568,None
https://github.com/andrey-helldar,72568,None
https://github.com/acupajoe,72568,None
https://github.com/TMaYaD,72568,None
https://github.com/SuperDJ,72568,None
https://github.com/SeriousDron,72568,None
https://github.com/Pierstoval,72568,None
https://github.com/MarijnMensinga,72568,None
https://github.com/MageGenius,72568,None
https://github.com/ConsoleTVs,72568,None
https://github.com/yanni4night,55284,None
https://github.com/xiazeyu,55284,None
https://github.com/xiaomingplus,55284,None
https://github.com/wd,55284,None
https://github.com/vlevit,55284,None
https://github.com/tryshchenko,55284,None
https://github.com/tang3w,55284,None
https://github.com/sun-zheng-an,55284,None
https://github.com/rhyzx,55284,None
https://github.com/ppoffice,55284,None
https://github.com/oleggromov,55284,None
https://github.com/nealcc,55284,None
https://github.com/mgoldsborough,55284,None
https://github.com/mcfog,55284,None
https://github.com/matthew-andrews,55284,None
https://github.com/magicdawn,55284,None
https://github.com/lebarde,55284,None
https://github.com/jd-carroll,55284,None
https://github.com/jamiehumphries,55284,None
https://github.com/h404bi,55284,None
https://github.com/giuseppelt,55284,None
https://github.com/chigix,55284,None
https://github.com/chaizhenhua,55284,None
https://github.com/bhaskarmelkani,55284,None
https://github.com/aulphar,55284,None
https://github.com/amobiz,55284,None
https://github.com/alxbl,55284,None
https://github.com/199911,55284,None
https://github.com/zuohuadong,45062,None
https://github.com/yaman-jain,45062,None
https://github.com/tunniclm,45062,None
https://github.com/tonyspb,45062,None
https://github.com/thevoidf,45062,None
https://github.com/stz-seongheon,45062,None
https://github.com/stevenanthonyrevo,45062,None
https://github.com/seppevs,45062,None
https://github.com/potato4d,45062,None
https://github.com/piperchester,45062,None
https://github.com/oztune,45062,None
https://github.com/nacimgoura,45062,None
https://github.com/mwanago,45062,None
https://github.com/lpage,45062,None
https://github.com/loganripplinger,45062,None
https://github.com/kunalspathak,45062,None
https://github.com/joshuacaron,45062,None
https://github.com/jeonghwan-kim,45062,None
https://github.com/jamesgeorge007,45062,None
https://github.com/iconoeugen,45062,None
https://github.com/huaoguo,45062,None
https://github.com/hiroppy,45062,None
https://github.com/hamzaOp,45062,None
https://github.com/g-k,45062,None
https://github.com/estrada9166,45062,None
https://github.com/deniztetik,45062,None
https://github.com/davidwood,45062,None
https://github.com/danez,45062,None
https://github.com/cirosantilli,45062,None
https://github.com/chillypepper,45062,None
https://github.com/asafdav2,45062,None
https://github.com/ankon,45062,None
https://github.com/amitzur,45062,None
https://github.com/amfern,45062,None
https://github.com/ZLester,45062,None
https://github.com/WORMSS,45062,None
https://github.com/VishvajitP,45062,None
https://github.com/TomHoss,45062,None
https://github.com/Lysander6,45062,None
https://github.com/Jianru-Lin,45062,None
https://github.com/HubCodes,45062,None
https://github.com/AScriver,45062,None
https://github.com/A1vinSmith,45062,None
https://github.com/ABeltramo,36284,None
https://github.com/yuya-dot,36284,None
https://github.com/t-mart,36284,None
https://github.com/ruant,36284,None
https://github.com/melvin2016,36284,None
https://github.com/karsumit94,36284,None
https://github.com/jpic,36284,None
https://github.com/gbpereira,36284,None
https://github.com/diogotcorreia,36284,None
https://github.com/cranndarach,36284,None
https://github.com/ardacebi,36284,None
https://github.com/akkumar,36284,None
https://github.com/adriennetacke,36284,None
https://github.com/WrDX,36284,None
https://github.com/MPvHarmelen,36284,None
https://github.com/Jac21,36284,None
https://github.com/w0rd-driven,27642,None
https://github.com/vimcaw,27642,None
https://github.com/tilsammans,27642,None
https://github.com/tcrowe,27642,None
https://github.com/tcatche,27642,None
https://github.com/seaoak,27642,None
https://github.com/restran,27642,None
https://github.com/popomore,27642,None
https://github.com/pirtleshell,27642,None
https://github.com/nightclub71,27642,None
https://github.com/mien,27642,None
https://github.com/lewiscowper,27642,None
https://github.com/kflu,27642,None
https://github.com/kezhenxu94,27642,None
https://github.com/jerrybendy,27642,None
https://github.com/jakubgs,27642,None
https://github.com/greg-js,27642,None
https://github.com/gautamz07,27642,None
https://github.com/ender503,27642,None
https://github.com/dwatow,27642,None
https://github.com/dranovsk,27642,None
https://github.com/dorayx,27642,None
https://github.com/apps/dependabot,27642,None
https://github.com/apps/dependabot-preview,27642,None
https://github.com/danieljsummers,27642,None
https://github.com/brian-mann,27642,None
https://github.com/bolaum,27642,None
https://github.com/be5invis,27642,None
https://github.com/SpaceK33z,27642,None
https://github.com/PazzaVlad,27642,None
https://github.com/LouisBarranqueiro,27642,None
https://github.com/KernelPanicAUS,27642,None
https://github.com/KentarouTakeda,27642,None
https://github.com/Hiswe,27642,None
https://github.com/Femonzor,27642,None
